{
	"format_version": "1.8.0",
	"animations": {
		"spread_wings": {
			"loop": "hold_on_last_frame",
			"animation_length": 0.66667,
			"bones": {
				"InnerWingL": {
					"rotation": {
						"0.0": {
							"vector": [0, 0, 0]
						},
						"0.375": {
							"vector": [0, 0, 0]
						},
						"0.4583": {
							"vector": [0, 0, 10]
						},
						"0.6667": {
							"vector": [0, 0, 35]
						}
					},
					"position": {
						"0.0": {
							"vector": [0, 0, 0]
						},
						"0.375": {
							"vector": [0, 0, 0]
						},
						"0.4167": {
							"vector": [-1, 0, 0]
						},
						"0.4583": {
							"vector": [-1, -1, 0]
						},
						"0.6667": {
							"vector": [-3.25, -1.75, 0]
						}
					}
				},
				"OuterWingL": {
					"rotation": {
						"0.0": {
							"vector": [0, 0, 0]
						},
						"0.0833": {
							"vector": [0, 0, 0]
						},
						"0.3333": {
							"vector": [0, 0, 15]
						},
						"0.4167": {
							"vector": [0, 0, 15]
						},
						"0.5": {
							"vector": [0, 0, 27.5]
						},
						"0.5417": {
							"vector": [5.00474, -2.49048, 27.28197]
						},
						"0.625": {
							"vector": [3.29185, -4.51889, 54.76091]
						}
					},
					"position": {
						"0.0": {
							"vector": [0, 0, 0]
						},
						"0.0833": {
							"vector": [0, 0.25, 0]
						},
						"0.3333": {
							"vector": [-1.25, 0.25, 0.25]
						},
						"0.4167": {
							"vector": [-1.25, 0.25, 0.25]
						},
						"0.5": {
							"vector": [-2.25, -0.75, 0]
						},
						"0.5417": {
							"vector": [-2.25, -0.75, 0.5]
						},
						"0.625": {
							"vector": [-3.75, -0.5, 0.5]
						}
					}
				},
				"OuterWingR": {
					"rotation": {
						"0.0": {
							"vector": [0, 0, 0]
						},
						"0.0833": {
							"vector": [0, 0, 0]
						},
						"0.3333": {
							"vector": [0, 0, -15]
						},
						"0.4167": {
							"vector": [0, 0, -15]
						},
						"0.5": {
							"vector": [0, 0, -27.5]
						},
						"0.5417": {
							"vector": [5.00474, 2.49048, -27.28197]
						},
						"0.625": {
							"vector": [3.29185, 4.51889, -54.76091]
						}
					},
					"position": {
						"0.0": {
							"vector": [0, 0, 0]
						},
						"0.0833": {
							"vector": [0, 0.25, 0]
						},
						"0.3333": {
							"vector": [1.25, 0.25, 0.25]
						},
						"0.4167": {
							"vector": [1.25, 0.25, 0.25]
						},
						"0.5": {
							"vector": [2.25, -0.75, 0]
						},
						"0.5417": {
							"vector": [2.25, -0.75, 0.5]
						},
						"0.625": {
							"vector": [3.75, -0.5, 0.5]
						}
					}
				},
				"InnerWingR": {
					"rotation": {
						"0.0": {
							"vector": [0, 0, 0]
						},
						"0.375": {
							"vector": [0, 0, 0]
						},
						"0.4583": {
							"vector": [0, 0, -10]
						},
						"0.6667": {
							"vector": [0, 0, -35]
						}
					},
					"position": {
						"0.0": {
							"vector": [0, 0, 0]
						},
						"0.375": {
							"vector": [0, 0, 0]
						},
						"0.4167": {
							"vector": [1, 0, 0]
						},
						"0.4583": {
							"vector": [1, -1, 0]
						},
						"0.6667": {
							"vector": [3.25, -1.75, 0]
						}
					}
				},
				"Cog": {
					"rotation": {
						"0.0": {
							"vector": [0, 0, 0]
						},
						"0.0833": {
							"vector": [0, 0, -57.5]
						},
						"0.2917": {
							"vector": [0, 0, 10]
						},
						"0.375": {
							"vector": [0, 0, -65]
						},
						"0.4167": {
							"vector": [0, 0, -102.5]
						},
						"0.5": {
							"vector": [0, 0, -67.5]
						},
						"0.6667": {
							"vector": [0, 0, -360]
						}
					}
				}
			}
		},
		"retract_wings": {
			"loop": "hold_on_last_frame",
			"animation_length": 0.6667,
			"bones": {
				"Cog": {
					"rotation": {
						"0.0": {
							"vector": [0, 0, -360]
						},
						"0.0833": {
							"vector": [0, 0, -67.5]
						},
						"0.1667": {
							"vector": [0, 0, -102.5]
						},
						"0.2083": {
							"vector": [0, 0, -65]
						},
						"0.2917": {
							"vector": [0, 0, 10]
						},
						"0.5": {
							"vector": [0, 0, -57.5]
						},
						"0.5833": {
							"vector": [0, 0, 0]
						}
					}
				},
				"InnerWingL": {
					"rotation": {
						"0.0": {
							"vector": [0, 0, 35]
						},
						"0.125": {
							"vector": [0, 0, 10]
						},
						"0.2083": {
							"vector": [0, 0, 0]
						},
						"0.5833": {
							"vector": [0, 0, 0]
						}
					},
					"position": {
						"0.0": {
							"vector": [-3.25, -1.75, 0]
						},
						"0.125": {
							"vector": [-1, -1, 0]
						},
						"0.1667": {
							"vector": [-1, 0, 0]
						},
						"0.2083": {
							"vector": [0, 0, 0]
						},
						"0.5833": {
							"vector": [0, 0, 0]
						}
					}
				},
				"OuterWingL": {
					"rotation": {
						"0.0417": {
							"vector": [3.29185, -4.51889, 54.76091]
						},
						"0.0833": {
							"vector": [0, 0, 27.5]
						},
						"0.1667": {
							"vector": [0, 0, 15]
						},
						"0.25": {
							"vector": [0, 0, 15]
						},
						"0.5": {
							"vector": [0, 0, 0]
						},
						"0.5833": {
							"vector": [0, 0, 0]
						}
					},
					"position": {
						"0.0417": {
							"vector": [-3.75, -0.5, 0.5]
						},
						"0.0833": {
							"vector": [-2.25, -0.75, 0]
						},
						"0.1667": {
							"vector": [-1.25, 0.25, 0.25]
						},
						"0.25": {
							"vector": [-1.25, 0.25, 0.25]
						},
						"0.5": {
							"vector": [0, 0.25, 0]
						},
						"0.5833": {
							"vector": [0, 0, 0]
						}
					}
				},
				"OuterWingR": {
					"rotation": {
						"0.0417": {
							"vector": [3.29185, 4.51889, -54.76091]
						},
						"0.0833": {
							"vector": [0, 0, -27.5]
						},
						"0.1667": {
							"vector": [0, 0, -15]
						},
						"0.25": {
							"vector": [0, 0, -15]
						},
						"0.5": {
							"vector": [0, 0, 0]
						},
						"0.5833": {
							"vector": [0, 0, 0]
						}
					},
					"position": {
						"0.0417": {
							"vector": [3.75, -0.5, 0.5]
						},
						"0.0833": {
							"vector": [2.25, -0.75, 0]
						},
						"0.1667": {
							"vector": [1.25, 0.25, 0.25]
						},
						"0.25": {
							"vector": [1.25, 0.25, 0.25]
						},
						"0.5": {
							"vector": [0, 0.25, 0]
						},
						"0.5833": {
							"vector": [0, 0, 0]
						}
					}
				},
				"InnerWingR": {
					"rotation": {
						"0.0": {
							"vector": [0, 0, -35]
						},
						"0.125": {
							"vector": [0, 0, -10]
						},
						"0.2083": {
							"vector": [0, 0, 0]
						},
						"0.5833": {
							"vector": [0, 0, 0]
						}
					},
					"position": {
						"0.0": {
							"vector": [3.25, -1.75, 0]
						},
						"0.125": {
							"vector": [1, -1, 0]
						},
						"0.1667": {
							"vector": [1, 0, 0]
						},
						"0.2083": {
							"vector": [0, 0, 0]
						},
						"0.5833": {
							"vector": [0, 0, 0]
						}
					}
				}
			}
		},
		"wings_open": {
			"loop": true,
			"animation_length": 1,
			"bones": {
				"Cog": {
					"rotation": {
						"0.0": {
							"vector": [0, 0, 0]
						},
						"0.4583": {
							"vector": [0, 0, -165]
						},
						"0.5417": {
							"vector": [0, 0, -125]
						},
						"1.0": {
							"vector": [0, 0, -360]
						}
					}
				},
				"InnerWingL": {
					"rotation": {
						"vector": [0, 0, 35]
					},
					"position": {
						"vector": [-3.25, -1.75, 0]
					}
				},
				"OuterWingL": {
					"rotation": {
						"vector": [3.29185, -4.51889, 54.76091]
					},
					"position": {
						"vector": [-3.75, -0.5, 0.5]
					}
				},
				"OuterWingR": {
					"rotation": {
						"vector": [3.29185, 4.51889, -54.76091]
					},
					"position": {
						"vector": [3.75, -0.5, 0.5]
					}
				},
				"InnerWingR": {
					"rotation": {
						"vector": [0, 0, -35]
					},
					"position": {
						"vector": [3.25, -1.75, 0]
					}
				}
			}
		},
		"wings_closed": {
			"loop": true,
			"animation_length": 1,
			"bones": {
				"Cog": {
					"rotation": {
						"0.0": {
							"vector": [0, 0, 0]
						},
						"0.4583": {
							"vector": [0, 0, -165]
						},